gene_id	baseMean	log2FoldChange	lfcSE	pvalue	padj
ENSMUSG00000078886	225.8298	0.2065545	0.20229769	2.76507e-06	0.03713213
ENSMUSG00000090546	263.9797	17.72393	2.73254608	6.251765e-11	1.679099e-06
